<?xml version="1.0" encoding="utf-8"?>
<!DOCTYPE catalog SYSTEM "femcatalog.dtd" []>

<!-- 
SAMPLE COMPONENT CATALOG

MAYA is not responsible for verifying the accuracy of data included in this 
file. MAYA makes no representations or warranties whatsoever, expressed or implied, 
with respect to the data in this file, including but not limited to, any warranty,
merchantability, or fitness for a particular purpose. In no event shall MAYA be
liable for i) incidental, indirect, special or consequential damages or ii) any
damages whatsoever resulting from loss of use, data, or profits or business
interruption losses, arising out of or in connection with, including but without 
limitation, the interpretation, use, application and validation of this file.

*******************
ALL UNITS ARE IN SI
*******************

When generating an ESC Model, PCB Exchange uses three records
for catalog look-up:
   (1) Reference
   (2) Part Number
   (3) Package
The best match in that order of priority will be applied to each
component in the model. If no match is found, the default component
settings will be applied.
A wildcard * may be used in these records 
-->

<!-- Name of catalog; this is the top-level node in the catalog tree -->
<catalog name="Electrical Components" help="thf_component_catalog">

  <!-- Association between records in this database,
       and the Component Simulation Object Dialog -->
  <!-- DO NOT MODIFY -->
  <maps>
    <map source="Part Number" target="Part Number"/>
    <map source="Package" target="Package"/>
    <map source="Resistor Model" target="Model"/>
    <map source="Manufacturer" target="Manufacturer"/>
    <map source="Theta JC" target="Theta JC"/>
    <map source="Theta JB" target="Theta JB"/>
    <map source="Theta CB" target="Theta CB"/>
    <map source="Load" target="Dissipation"/>
    <map source="Maximum Temperature" target="Tmax"/>
    <map source="Maximum Case Temperature" target="Tmax Case"/>
    <map source="Maximum Junction Temperature" target="Tmax Junction"/>
    <map source="Emissivity Setting" target="Emissivity"/>
    <map source="Emissivity" target="Emissivity Value"/>
    <map source="Junction Capacitance" target="Junction Capacitance"/>
    <map source="Coupling Resolution" target="Coupling Resolution"/>
    <map source="Single Footprint" target="Compute Single Footprint Case Temperature"/>
    <map source="Coupling Resolution" target="Coupling Resolution"/>
    <map source="Report" target="Temperature Report"/>
    <map source="Track During Solve" target="Track During Solve"/>
  </maps>
  <group name="Integrated Circuits">
    <item name="Package ces*">
    
      <!-- Match components with package starting with ces
           and DIP14 package -->
      <record name="Package">
        <text value="ces*"/>
      </record>
      
      <!-- Resistor model:  "0", "1", or "2" -->
      <record name="Resistor Model">
        <int value="2"/>
      </record>
      
      <!-- Model parameters -->
      <record name="Theta JC">
        <float value="1.1"/>
      </record>
      <record name="Theta JB">
        <float value="0.7"/>
      </record>
      <record name="Load">
        <float value="0.05"/>
      </record>
      <record name="Maximum Junction Temperature">
        <float value="120"/>
      </record>
      <record name="Maximum Case Temperature">
        <float value="100"/>
      </record>
      
      <!-- Emissivity option:
             "0" = Use Thermo-Optical Properties
             "1" = Specify -->
      <record name="Emissivity Setting">
        <int value="0"/>
      </record>
      
      <!-- Additional parameters
             Use a bool value to control a toggle
             Use an int value to control a menu -->
      <record name="Single Footprint">
        <bool value="0"/>
      </record>
      <record name="Coupling Resolution">
        <int value="1"/>
      </record>
      <record name="Report">
        <bool value="1"/>
      </record>
      <record name="Track During Solve">
        <bool value="0"/>
      </record>
      
      <!-- Settings specific to PCB Exchange
           Controls how the component is meshed automatically
           If not specified, default settings are used -->
      <record name="Element Size">
        <float value="0.01"/>
      </record>
	  <record name="Element Thickness">
	    <float value="0.005"/>
	  </record>
      <record name="Element Color">
        <text value="orange"/>
      </record>
      <record name="Case Material">
        <text value="Plastic"/>
      </record>
    </item>

	<item name="Ref Des J*">
    
      <!-- Match components with package starting with ces
           and DIP14 package -->
      <record name="Reference">
        <text value="J*"/>
      </record>
      
      <!-- Resistor model:  "0", "1", or "2" -->
      <record name="Resistor Model">
        <int value="2"/>
      </record>
      
      <!-- Model parameters -->
      <record name="Theta JC">
        <float value="1.0"/>
      </record>
      <record name="Theta JB">
        <float value="0.4"/>
      </record>
      <record name="Load">
        <float value="0.5"/>
      </record>
      <record name="Maximum Junction Temperature">
        <float value="120"/>
      </record>
      <record name="Maximum Case Temperature">
        <float value="100"/>
      </record>
      
      <!-- Emissivity option:
             "0" = Use Thermo-Optical Properties
             "1" = Specify -->
      <record name="Emissivity Setting">
        <int value="0"/>
      </record>
      
      <!-- Additional parameters
             Use a bool value to control a toggle
             Use an int value to control a menu -->
      <record name="Single Footprint">
        <bool value="0"/>
      </record>
      <record name="Coupling Resolution">
        <int value="1"/>
      </record>
      <record name="Report">
        <bool value="1"/>
      </record>
      <record name="Track During Solve">
        <bool value="0"/>
      </record>
      
      <!-- Settings specific to PCB Exchange
           Controls how the component is meshed automatically
           If not specified, default settings are used -->
      <record name="Element Size">
        <float value="0.0025"/>
      </record>
	  <record name="Element Thickness">
	    <float value="0.005"/>
	  </record>
      <record name="Element Color">
        <text value="yellow"/>
      </record>
      <record name="Case Material">
        <text value="Plastic"/>
      </record>
    </item>
	
	<item name="Ref Des S*">
    
      <!-- Match components with package starting with ces
           and DIP14 package -->
      <record name="Reference">
        <text value="S*"/>
      </record>
      
      <!-- Resistor model:  "0", "1", or "2" -->
      <record name="Resistor Model">
        <int value="1"/>
      </record>
      
      <!-- Model parameters -->
      <record name="Theta CB">
        <float value="0.5"/>
      </record>
      <record name="Load">
        <float value="0.0"/>
      </record>
      <record name="Maximum Junction Temperature">
        <float value="120"/>
      </record>
      <record name="Maximum Case Temperature">
        <float value="100"/>
      </record>
      
      <!-- Emissivity option:
             "0" = Use Thermo-Optical Properties
             "1" = Specify -->
      <record name="Emissivity Setting">
        <int value="0"/>
      </record>
      
      <!-- Additional parameters
             Use a bool value to control a toggle
             Use an int value to control a menu -->
      <record name="Single Footprint">
        <bool value="0"/>
      </record>
      <record name="Coupling Resolution">
        <int value="1"/>
      </record>
      <record name="Report">
        <bool value="0"/>
      </record>
      <record name="Track During Solve">
        <bool value="0"/>
      </record>
      
      <!-- Settings specific to PCB Exchange
           Controls how the component is meshed automatically
           If not specified, default settings are used -->
      <record name="Element Size">
        <float value="0.005"/>
      </record>
	  <record name="Element Thickness">
	    <float value="0.01"/>
	  </record>
      <record name="Element Color">
        <text value="green"/>
      </record>
      <record name="Case Material">
        <text value="Plastic"/>
      </record>
    </item>

	<item name="Ref Des X*">
    
      <!-- Match components with package starting with ces
           and DIP14 package -->
      <record name="Reference">
        <text value="X*"/>
      </record>
      
      <!-- Resistor model:  "0", "1", or "2" -->
      <record name="Resistor Model">
        <int value="1"/>
      </record>
      
      <!-- Model parameters -->
      <record name="Theta CB">
        <float value="0.5"/>
      </record>
      <record name="Load">
        <float value="0.0"/>
      </record>
      <record name="Maximum Junction Temperature">
        <float value="120"/>
      </record>
      <record name="Maximum Case Temperature">
        <float value="100"/>
      </record>
      
      <!-- Emissivity option:
             "0" = Use Thermo-Optical Properties
             "1" = Specify -->
      <record name="Emissivity Setting">
        <int value="0"/>
      </record>
      
      <!-- Additional parameters
             Use a bool value to control a toggle
             Use an int value to control a menu -->
      <record name="Single Footprint">
        <bool value="0"/>
      </record>
      <record name="Coupling Resolution">
        <int value="1"/>
      </record>
      <record name="Report">
        <bool value="0"/>
      </record>
      <record name="Track During Solve">
        <bool value="0"/>
      </record>
      
      <!-- Settings specific to PCB Exchange
           Controls how the component is meshed automatically
           If not specified, default settings are used -->
      <record name="Element Size">
        <float value="0.01"/>
      </record>
	  <record name="Element Thickness">
	    <float value="0.02"/>
	  </record>
      <record name="Element Color">
        <text value="white"/>
      </record>
      <record name="Case Material">
        <text value="Plastic"/>
      </record>
    </item>

	<item name="Ref Des CPU*">
    
      <!-- Match components with package starting with ces
           and DIP14 package -->
      <record name="Reference">
        <text value="CPU*"/>
      </record>
      
      <!-- Resistor model:  "0", "1", or "2" -->
      <record name="Resistor Model">
        <int value="2"/>
      </record>
      
      <!-- Model parameters -->
      <record name="Theta JC">
        <float value="0.4"/>
      </record>
      <record name="Theta JB">
        <float value="0.8"/>
      </record>
      <record name="Load">
        <float value="2.5"/>
      </record>
      <record name="Maximum Junction Temperature">
        <float value="120"/>
      </record>
      <record name="Maximum Case Temperature">
        <float value="100"/>
      </record>
      
      <!-- Emissivity option:
             "0" = Use Thermo-Optical Properties
             "1" = Specify -->
      <record name="Emissivity Setting">
        <int value="0"/>
      </record>
      
      <!-- Additional parameters
             Use a bool value to control a toggle
             Use an int value to control a menu -->
      <record name="Single Footprint">
        <bool value="0"/>
      </record>
      <record name="Coupling Resolution">
        <int value="1"/>
      </record>
      <record name="Report">
        <bool value="1"/>
      </record>
      <record name="Track During Solve">
        <bool value="0"/>
      </record>
      
      <!-- Settings specific to PCB Exchange
           Controls how the component is meshed automatically
           If not specified, default settings are used -->
      <record name="Element Size">
        <float value="0.0075"/>
      </record>
	  <record name="Element Thickness">
	    <float value="0.005"/>
	  </record>
      <record name="Element Color">
        <text value="yellow"/>
      </record>
      <record name="Case Material">
        <text value="Plastic"/>
      </record>
    </item>
  </group>
</catalog>
